post_id,text,post_text,shared_text,time,image,images,video,video_thumbnail,video_id,likes,comments,shares,post_url,link,user_id,username,is_live,factcheck,shared_post_id,shared_time,shared_user_id,shared_username,shared_post_url,available,comments_full
4326186780742613,"Promociona y aumenta las ventas de alimentos con contenidos que atrapan la atenci√≥n de los clientes.

#Men√∫Digital #DigitalSignage #DigitalSignageSolution","Promociona y aumenta las ventas de alimentos con contenidos que atrapan la atenci√≥n de los clientes.

#Men√∫Digital #DigitalSignage #DigitalSignageSolution",,2021-04-14 13:00:00,,,https://video-bog1-1.xx.fbcdn.net/v/t42.1790-2/171469184_294174595429748_3085863535477152107_n.mp4?_nc_cat=109&ccb=1-3&_nc_sid=985c63&efg=eyJ2ZW5jb2RlX3RhZyI6InN2ZV9zZCJ9&_nc_ohc=Mr0ZqIV6fp0AX-7Xded&_nc_ht=video-bog1-1.xx&oh=231de6614e9a4a777e2336b01413653a&oe=60792199,https://scontent-bog1-1.xx.fbcdn.net/v/t15.13418-10/cp0/e15/q65/s320x320/171564360_456863808859212_4746390774315807923_n.jpg?_nc_cat=106&ccb=1-3&_nc_sid=ccf8b3&_nc_ohc=3IaA6HRlE1UAX-xoj9W&_nc_ht=scontent-bog1-1.xx&tp=9&oh=505c72c98daf6d1e478d8894c950a23d&oe=609DE5F2,1553604521647192,0,0,0,https://facebook.com/multimedia.corporativa/videos/1553604521647192,,500060110021985,Multimedia Corporativa,False,,,,,,,True,
4321741131187178,"Implementar se√±alizaci√≥n digital abre todo un mundo de nuevas posibilidades para promocionar productos, atender a los clientes y mejorar la experiencia en la tienda

#retail #DigitalSignageSolutions #DSFacts #MultimediaCorporativa","Implementar se√±alizaci√≥n digital abre todo un mundo de nuevas posibilidades para promocionar productos, atender a los clientes y mejorar la experiencia en la tienda

#retail #DigitalSignageSolutions #DSFacts #MultimediaCorporativa",,2021-04-13 12:00:00,,,https://video-bog1-1.xx.fbcdn.net/v/t42.1790-2/172449972_1411431679224381_4396635248123591960_n.mp4?_nc_cat=107&ccb=1-3&_nc_sid=985c63&efg=eyJ2ZW5jb2RlX3RhZyI6InN2ZV9zZCJ9&_nc_ohc=bADgTt0xwZsAX9iBsTx&_nc_ht=video-bog1-1.xx&oh=193297e421b045c2e8ee9b2b749ad969&oe=607924B8,https://scontent-bog1-1.xx.fbcdn.net/v/t15.13418-10/cp0/e15/q65/p320x320/167190506_160918032578996_4771802467137904171_n.jpg?_nc_cat=101&ccb=1-3&_nc_sid=ccf8b3&_nc_ohc=YufWOyRPZ2cAX_-5u-7&_nc_ht=scontent-bog1-1.xx&tp=3&oh=1ecd6ab75df17e62a0be99337889c639&oe=609FA4D1,948107516020709,1,0,0,https://facebook.com/multimedia.corporativa/videos/948107516020709,,500060110021985,Multimedia Corporativa,False,,,,,,,True,
4320939244600700,"3D Hologram muestra productos, objetos y secuencias animadas tridimensionales creando posibilidades de uso completamente nuevas

#3D #hologram #digitalsignagesolutions #MultimediaCorporativa","3D Hologram muestra productos, objetos y secuencias animadas tridimensionales creando posibilidades de uso completamente nuevas

#3D #hologram #digitalsignagesolutions #MultimediaCorporativa",,2021-04-12 16:00:00,,,https://video-bog1-1.xx.fbcdn.net/v/t42.1790-2/171075302_930513821031126_2839251821422184057_n.mp4?_nc_cat=100&ccb=1-3&_nc_sid=985c63&efg=eyJ2ZW5jb2RlX3RhZyI6InN2ZV9zZCJ9&_nc_ohc=8eKjYHD1qtAAX_1fQdk&_nc_ht=video-bog1-1.xx&oh=400ac99ed8ab21604bb4f2e1fc142aea&oe=607920F6,https://scontent-bog1-1.xx.fbcdn.net/v/t15.5256-10/cp0/e15/q65/s320x320/163413389_483328009484704_6231921316883023873_n.jpg?_nc_cat=111&ccb=1-3&_nc_sid=ccf8b3&_nc_ohc=M6U6BO2mLq8AX9nh5lI&_nc_ht=scontent-bog1-1.xx&tp=9&oh=6dd13d0ae7d95e2d1db96a887c320a7c&oe=609E9B79,483325946151577,2,0,0,https://facebook.com/multimedia.corporativa/videos/483325946151577,,500060110021985,Multimedia Corporativa,False,,,,,,,True,
4311721908855767,"El Eye Of Heihe incorpora LED transparente para im√°genes nocturnas a gran escala.

La rueda de la fortuna, una atracci√≥n tur√≠sticas al norte de Beijing, se ha equipado con una gran variedad de LED de malla transparente. La pantalla LED es de Leyard-Vteam, una de las empresas m√°s grandes activas en DV LED.

#TechNews #TechToEnjoy #Innovate #DigitalSignage #DOOH

YOUTUBE.COM
4000„é°! The led creative display is coming, lighting up the winter night of Heihe at -40‚ÑÉ!","El Eye Of Heihe incorpora LED transparente para im√°genes nocturnas a gran escala.

La rueda de la fortuna, una atracci√≥n tur√≠sticas al norte de Beijing, se ha equipado con una gran variedad de LED de malla transparente. La pantalla LED es de Leyard-Vteam, una de las empresas m√°s grandes activas en DV LED.

#TechNews #TechToEnjoy #Innovate #DigitalSignage #DOOH","YOUTUBE.COM
4000„é°! The led creative display is coming, lighting up the winter night of Heihe at -40‚ÑÉ!",2021-04-09 13:00:14,https://external-bog1-1.xx.fbcdn.net/safe_image.php?d=AQH7gSJqBvjF77KF&w=476&h=249&url=https%3A%2F%2Fi.ytimg.com%2Fvi%2F1qwGMX2GiKM%2Fmaxresdefault.jpg&cfs=1&jq=75&ext=jpg&ccb=3-5&_nc_hash=AQEF91G1xGKCmFsG,['https://external-bog1-1.xx.fbcdn.net/safe_image.php?d=AQH7gSJqBvjF77KF&w=476&h=249&url=https%3A%2F%2Fi.ytimg.com%2Fvi%2F1qwGMX2GiKM%2Fmaxresdefault.jpg&cfs=1&jq=75&ext=jpg&ccb=3-5&_nc_hash=AQEF91G1xGKCmFsG'],,,,0,0,0,https://facebook.com/multimedia.corporativa/posts/4311721908855767,https://youtu.be/1qwGMX2GiKM,500060110021985,Multimedia Corporativa,False,,,,,,,True,
4308484305846194,"En el mundo conectado de hoy, los minoristas m√°s exitosos est√°n fusionando las compras f√≠sicas y digitales para crear una experiencia multicanal coherente.

#DigitalSignage #omnichannel #DSFacts","En el mundo conectado de hoy, los minoristas m√°s exitosos est√°n fusionando las compras f√≠sicas y digitales para crear una experiencia multicanal coherente.

#DigitalSignage #omnichannel #DSFacts",,2021-04-08 12:09:04,,,https://video-bog1-1.xx.fbcdn.net/v/t42.1790-2/170596151_301316021339893_78372152803868502_n.mp4?_nc_cat=111&ccb=1-3&_nc_sid=985c63&efg=eyJ2ZW5jb2RlX3RhZyI6InN2ZV9zZCJ9&_nc_ohc=TwaL9eu5Nk0AX8wYIMj&_nc_ht=video-bog1-1.xx&oh=61e8239e69f315f67f17f38b0ed7496d&oe=60791EEF,https://scontent-bog1-1.xx.fbcdn.net/v/t15.5256-10/cp0/e15/q65/p320x320/160457659_498220324667733_1992095368316539193_n.jpg?_nc_cat=109&ccb=1-3&_nc_sid=ccf8b3&_nc_ohc=Jp4tgZbgXK4AX_txCS4&_nc_ht=scontent-bog1-1.xx&tp=3&oh=447948f589874843cccc396a08906ff2&oe=609D8055,498219928001106,1,0,0,https://facebook.com/multimedia.corporativa/videos/498219928001106,,500060110021985,Multimedia Corporativa,False,,,,,,,True,
4305211019506856,"¬°Es hoy el WEBINAR c√≥mo se ha dado la reapertura de negocios monoristas con Digital Signage, √∫nete en el link!

üåê‚û° https://register.gotowebinar.com/register/1892848164263531024

#Webinar #retail #DSLATAM #digitalsignage #multimediacorporativa","¬°Es hoy el WEBINAR c√≥mo se ha dado la reapertura de negocios monoristas con Digital Signage, √∫nete en el link!

üåê‚û° https://register.gotowebinar.com/register/1892848164263531024

#Webinar #retail #DSLATAM #digitalsignage #multimediacorporativa",,2021-04-07 10:00:22,https://scontent-bog1-1.xx.fbcdn.net/v/t1.6435-9/170979630_4305204556174169_560590721568813694_n.png?_nc_cat=102&ccb=1-3&_nc_sid=8024bb&_nc_ohc=FOPluVSdDSoAX8zPlbM&_nc_ht=scontent-bog1-1.xx&oh=b551f34caa3b71624c3781b23d9abcf7&oe=609DF4B8,['https://scontent-bog1-1.xx.fbcdn.net/v/t1.6435-9/170979630_4305204556174169_560590721568813694_n.png?_nc_cat=102&ccb=1-3&_nc_sid=8024bb&_nc_ohc=FOPluVSdDSoAX8zPlbM&_nc_ht=scontent-bog1-1.xx&oh=b551f34caa3b71624c3781b23d9abcf7&oe=609DF4B8'],,,,0,0,0,https://facebook.com/multimedia.corporativa/posts/4305211019506856,https://register.gotowebinar.com/register/1892848164263531024,500060110021985,Multimedia Corporativa,False,,,,,,,True,
4302806176414007,"Te invitamos, junto a la Asociaci√≥n de Digital Signage LATAM, al webinar con el Reapertura de negocios minoristas: como las tiendas utilizan la Se√±alizaci√≥n Digital para ganarle a la pandemia""

üïöüìÖ Mi√©rcoles 7 de abril 11:00 hrs.

üåê Reg√≠strate gratis:
https://register.gotowebinar.com/register/1892848164263531024","Te invitamos, junto a la Asociaci√≥n de Digital Signage LATAM, al webinar con el Reapertura de negocios minoristas: como las tiendas utilizan la Se√±alizaci√≥n Digital para ganarle a la pandemia""

üïöüìÖ Mi√©rcoles 7 de abril 11:00 hrs.

üåê Reg√≠strate gratis:
https://register.gotowebinar.com/register/1892848164263531024",,2021-04-06 16:28:36,https://scontent-bog1-1.xx.fbcdn.net/v/t1.6435-9/169455099_4303244869703471_4902214558344516139_n.png?_nc_cat=108&ccb=1-3&_nc_sid=8024bb&_nc_ohc=7q887PKRa2EAX_Ivqx4&_nc_ht=scontent-bog1-1.xx&oh=0542d2106f1945a1f33560341bf7bb44&oe=609FCBD1,['https://scontent-bog1-1.xx.fbcdn.net/v/t1.6435-9/169455099_4303244869703471_4902214558344516139_n.png?_nc_cat=108&ccb=1-3&_nc_sid=8024bb&_nc_ohc=7q887PKRa2EAX_Ivqx4&_nc_ht=scontent-bog1-1.xx&oh=0542d2106f1945a1f33560341bf7bb44&oe=609FCBD1'],,,,2,0,0,https://facebook.com/multimedia.corporativa/posts/4302806176414007,https://register.gotowebinar.com/register/1892848164263531024,500060110021985,Multimedia Corporativa,False,,,,,,,True,
4288365701191388,"Delta Airlines combate COVID-19 con Se√±alizaci√≥n Digital.

Delta abord√≥ recientemente el COVID-19 al hacer que los pasajeros proporcionaran una prueba de COVID negativa antes de volar y luego aceptaran una prueba r√°pida de COVID tanto antes como despu√©s del vuelo. Para respaldar este esfuerzo Delta despleg√≥ tres t√≥tems aut√≥nomos que muestran el n√∫mero de turno actual que se atiende en la instalaci√≥n de prueba.

#TechNews #DigitalSignage #fightcoronavirus

Con informaci√≥n de Digital Signage Today: https://www.digitalsignagetoday.com/articles/delta-combats-covid-19-with-digital-signage/?utm_source=DST&utm_medium=email&utm_campaign=EMNA&utm_content=2021-03-30","Delta Airlines combate COVID-19 con Se√±alizaci√≥n Digital.

Delta abord√≥ recientemente el COVID-19 al hacer que los pasajeros proporcionaran una prueba de COVID negativa antes de volar y luego aceptaran una prueba r√°pida de COVID tanto antes como despu√©s del vuelo. Para respaldar este esfuerzo Delta despleg√≥ tres t√≥tems aut√≥nomos que muestran el n√∫mero de turno actual que se atiende en la instalaci√≥n de prueba.

#TechNews #DigitalSignage #fightcoronavirus

Con informaci√≥n de Digital Signage Today: https://www.digitalsignagetoday.com/articles/delta-combats-covid-19-with-digital-signage/?utm_source=DST&utm_medium=email&utm_campaign=EMNA&utm_content=2021-03-30",,2021-04-02 15:00:03,https://scontent-bog1-1.xx.fbcdn.net/v/t1.6435-9/168369941_4288348661193092_7402596202588100172_n.png?_nc_cat=103&ccb=1-3&_nc_sid=8024bb&_nc_ohc=I8gWSOG5g9MAX_b6vzj&_nc_ht=scontent-bog1-1.xx&oh=6de13c0fd54cffbf6a5e39cb37023588&oe=609EBAA0,['https://scontent-bog1-1.xx.fbcdn.net/v/t1.6435-9/168369941_4288348661193092_7402596202588100172_n.png?_nc_cat=103&ccb=1-3&_nc_sid=8024bb&_nc_ohc=I8gWSOG5g9MAX_b6vzj&_nc_ht=scontent-bog1-1.xx&oh=6de13c0fd54cffbf6a5e39cb37023588&oe=609EBAA0'],,,,0,0,0,https://facebook.com/multimedia.corporativa/posts/4288365701191388,https://www.digitalsignagetoday.com/articles/delta-combats-covid-19-with-digital-signage/?utm_source=DST&utm_medium=email&utm_campaign=EMNA&utm_content=2021-03-30,500060110021985,Multimedia Corporativa,False,,,,,,,True,
4281333545227937,"Mantenga informados a sus colaboradores acerca de las pol√≠ticas de la empresa, medidas de seguridad, comunicados especiales. Fomenta buenas pr√°cticas a los empleados con reconocimiento p√∫blico, mostrando estad√≠sticas de producci√≥n para motivar al equipo a alcanzar las metas.

#MMCity #Comunicaci√≥nInterna #Comunicaci√≥nCorporativa #Comunicaci√≥nDigital #DigitalSignage #DigitalSignageSolutions #Se√±alizaci√≥nDigital #MultimediaCorporativa

YOUTUBE.COM
www.youtube.com","Mantenga informados a sus colaboradores acerca de las pol√≠ticas de la empresa, medidas de seguridad, comunicados especiales. Fomenta buenas pr√°cticas a los empleados con reconocimiento p√∫blico, mostrando estad√≠sticas de producci√≥n para motivar al equipo a alcanzar las metas.

#MMCity #Comunicaci√≥nInterna #Comunicaci√≥nCorporativa #Comunicaci√≥nDigital #DigitalSignage #DigitalSignageSolutions #Se√±alizaci√≥nDigital #MultimediaCorporativa","YOUTUBE.COM
www.youtube.com",2021-03-31 14:00:00,https://external-bog1-1.xx.fbcdn.net/safe_image.php?d=AQFlw1dtuQkXnZSw&w=476&h=249&url=fbstaging%3A%2F%2Fgraph.facebook.com%2Fstaging_resources%2FMDE0NjI2MTkzMjE2MDc5MDA6MTc1MTE3NzU3Mw%3D%3D&cfs=1&jq=75&ext=jpg&ccb=3-5&_nc_hash=AQFAiNbTRZjs3x5y,['https://external-bog1-1.xx.fbcdn.net/safe_image.php?d=AQFlw1dtuQkXnZSw&w=476&h=249&url=fbstaging%3A%2F%2Fgraph.facebook.com%2Fstaging_resources%2FMDE0NjI2MTkzMjE2MDc5MDA6MTc1MTE3NzU3Mw%3D%3D&cfs=1&jq=75&ext=jpg&ccb=3-5&_nc_hash=AQFAiNbTRZjs3x5y'],,,,3,0,0,https://facebook.com/multimedia.corporativa/posts/4281333545227937,https://youtu.be/5ElZARFrtzo,500060110021985,Multimedia Corporativa,False,,,,,,,True,
4274665072561451,"Gestione las √°reas de trabajo desde una aplicaci√≥n m√≥vil, sitio web o kiosco interactivo para optimizar la afluencia de personas en espacios colaborativos.

#SeatFinder #MMCity #DigitalSignageSolutions #DigitalSignage #MultimediaCorporativa","Gestione las √°reas de trabajo desde una aplicaci√≥n m√≥vil, sitio web o kiosco interactivo para optimizar la afluencia de personas en espacios colaborativos.

#SeatFinder #MMCity #DigitalSignageSolutions #DigitalSignage #MultimediaCorporativa",,2021-03-29 13:00:00,,,https://video-bog1-1.xx.fbcdn.net/v/t42.1790-2/164903041_168206131789300_5234974515313667351_n.mp4?_nc_cat=109&ccb=1-3&_nc_sid=985c63&efg=eyJ2ZW5jb2RlX3RhZyI6InN2ZV9zZCJ9&_nc_ohc=zHN4TWIHmo4AX-WfMYL&_nc_ht=video-bog1-1.xx&oh=ca3c8eab8ea93dcdccb53e595348a6ee&oe=607922E9,https://scontent-bog1-1.xx.fbcdn.net/v/t15.5256-10/cp0/e15/q65/s320x320/162345583_816024405669261_7824858745088540360_n.jpg?_nc_cat=107&ccb=1-3&_nc_sid=ccf8b3&_nc_ohc=2gEGf3PxGx8AX87_3DN&_nc_ht=scontent-bog1-1.xx&tp=9&oh=a08fcb805ff8e403b8767ff4f52a79f7&oe=609F78F1,816021579002877,1,0,0,https://facebook.com/multimedia.corporativa/videos/816021579002877,,500060110021985,Multimedia Corporativa,False,,,,,,,True,
4265474683480490,"El bar √Årea 15 en Las Vegas cautiva a los visitantes con Realidad Aumentada y Realidad Virtual.

Un nuevo bar en Las Vegas llamado √Årea 15 est√° comenzando a funcionar ofreciendo m√°s que bebidas. Tambi√©n proporciona un patio de juegos inmersivo a trav√©s de la tecnolog√≠a AR y VR.

Con informaci√≥n de Digital Signage Today ‚û°
https://www.digitalsignagetoday.com/blogs/area-15-bar-in-vegas-wows-visitors-with-ar-vr/","El bar √Årea 15 en Las Vegas cautiva a los visitantes con Realidad Aumentada y Realidad Virtual.

Un nuevo bar en Las Vegas llamado √Årea 15 est√° comenzando a funcionar ofreciendo m√°s que bebidas. Tambi√©n proporciona un patio de juegos inmersivo a trav√©s de la tecnolog√≠a AR y VR.

Con informaci√≥n de Digital Signage Today ‚û°
https://www.digitalsignagetoday.com/blogs/area-15-bar-in-vegas-wows-visitors-with-ar-vr/",,2021-03-26 15:32:51,https://scontent-bog1-1.xx.fbcdn.net/v/t1.6435-9/164688106_4265381883489770_1879701879482530434_n.png?_nc_cat=101&ccb=1-3&_nc_sid=8024bb&_nc_ohc=iRXdWberRnwAX9LOU4j&_nc_ht=scontent-bog1-1.xx&oh=d39facfb8bde767494e54190d39e08a3&oe=609E1CB3,['https://scontent-bog1-1.xx.fbcdn.net/v/t1.6435-9/164688106_4265381883489770_1879701879482530434_n.png?_nc_cat=101&ccb=1-3&_nc_sid=8024bb&_nc_ohc=iRXdWberRnwAX9LOU4j&_nc_ht=scontent-bog1-1.xx&oh=d39facfb8bde767494e54190d39e08a3&oe=609E1CB3'],,,,0,0,0,https://facebook.com/multimedia.corporativa/posts/4265474683480490,https://www.digitalsignagetoday.com/blogs/area-15-bar-in-vegas-wows-visitors-with-ar-vr/,500060110021985,Multimedia Corporativa,False,,,,,,,True,
4259735544054404,"En una reciente investigaci√≥n de usuarios finales en espacios corporativos, indic√≥ que el 28% est√°n utilizando Pantallas de Digital Signage fuera de las salas de reuniones y el n√∫mero va en aumento.

#DigitalSignage #Corporativos #Comunicaci√≥nDigital

üåê‚û°Ô∏èhttps://multimediacorp.net/beneficios-de-la-senalizacion-digital-en-la-comunicacion-organizacional

MULTIMEDIACORP.NET
Beneficios de la Se√±alizaci√≥n Digital en la Comunicaci√≥n Organizacional ‚Äì Multimedia corporativa","En una reciente investigaci√≥n de usuarios finales en espacios corporativos, indic√≥ que el 28% est√°n utilizando Pantallas de Digital Signage fuera de las salas de reuniones y el n√∫mero va en aumento.

#DigitalSignage #Corporativos #Comunicaci√≥nDigital

üåê‚û°Ô∏èhttps://multimediacorp.net/beneficios-de-la-senalizacion-digital-en-la-comunicacion-organizacional","MULTIMEDIACORP.NET
Beneficios de la Se√±alizaci√≥n Digital en la Comunicaci√≥n Organizacional ‚Äì Multimedia corporativa",2021-03-24 15:00:00,https://external-bog1-1.xx.fbcdn.net/safe_image.php?d=AQG7O6m83WaHwGLT&w=476&h=249&url=https%3A%2F%2Fmultimediacorp.net%2Fwp-content%2Fuploads%2F2021%2F02%2FDigital_signage_Comunicacio%CC%81n_Corporativa.png&cfs=1&jq=75&ext=jpg&ccb=3-5&_nc_hash=AQGVA02Fm3LvClOR,['https://external-bog1-1.xx.fbcdn.net/safe_image.php?d=AQG7O6m83WaHwGLT&w=476&h=249&url=https%3A%2F%2Fmultimediacorp.net%2Fwp-content%2Fuploads%2F2021%2F02%2FDigital_signage_Comunicacio%CC%81n_Corporativa.png&cfs=1&jq=75&ext=jpg&ccb=3-5&_nc_hash=AQGVA02Fm3LvClOR'],,,,0,0,0,https://facebook.com/multimedia.corporativa/posts/4259735544054404,https://multimediacorp.net/beneficios-de-la-senalizacion-digital-en-la-comunicacion-organizacional,500060110021985,Multimedia Corporativa,False,,,,,,,True,
4256319511062674,"Realizar ejercicio f√≠sico reforzar√° tu sistema inmunol√≥gico.

#fightvscovid19 #stayhealthy #staystrong #MultimediaCorporativa","Realizar ejercicio f√≠sico reforzar√° tu sistema inmunol√≥gico.

#fightvscovid19 #stayhealthy #staystrong #MultimediaCorporativa",,2021-03-23 15:00:00,https://scontent-bog1-1.xx.fbcdn.net/v/t1.6435-9/163095785_4256318421062783_2907627313306060686_n.png?_nc_cat=105&ccb=1-3&_nc_sid=8024bb&_nc_ohc=NFTV8AlBZ5AAX_y7YVX&_nc_ht=scontent-bog1-1.xx&oh=10fab5a9c79519e6cb13dad150e0b1f3&oe=609E6E34,"['https://scontent-bog1-1.xx.fbcdn.net/v/t1.6435-9/163095785_4256318421062783_2907627313306060686_n.png?_nc_cat=105&ccb=1-3&_nc_sid=8024bb&_nc_ohc=NFTV8AlBZ5AAX_y7YVX&_nc_ht=scontent-bog1-1.xx&oh=10fab5a9c79519e6cb13dad150e0b1f3&oe=609E6E34', 'https://scontent-bog1-1.xx.fbcdn.net/v/t1.6435-9/162809020_4256318391062786_1819688424115950160_n.png?_nc_cat=106&ccb=1-3&_nc_sid=8024bb&_nc_ohc=Ci-xG1vWuQUAX-hQGHK&_nc_ht=scontent-bog1-1.xx&oh=0c9516f794285f5cfe6482458ede14eb&oe=609F50DC', 'https://scontent-bog1-1.xx.fbcdn.net/v/t1.6435-9/163612916_4256318427729449_6275854647026040888_n.png?_nc_cat=108&ccb=1-3&_nc_sid=8024bb&_nc_ohc=TAxem3IWOhEAX9Frcd5&_nc_ht=scontent-bog1-1.xx&oh=33ae70226211df016dcec50923cbb67e&oe=609DB79A', 'https://scontent-bog1-1.xx.fbcdn.net/v/t1.6435-9/163066935_4256318491062776_1494893005316091728_n.png?_nc_cat=101&ccb=1-3&_nc_sid=8024bb&_nc_ohc=XKLtZdowhOMAX-9Up3B&_nc_ht=scontent-bog1-1.xx&oh=1cf5f1cc451f305ec76ff76889e7499c&oe=609D4DAF']",,,,0,0,0,https://facebook.com/multimedia.corporativa/posts/4256319511062674,,500060110021985,Multimedia Corporativa,False,,,,,,,True,
4253674541327171,"Atrae y saluda a los visitantes con informaci√≥n relevante en videowalls interactivos que generan un gran impacto visual.

#Videowall #DigitalSignageSolution #MultimediaCorporativa #MMCity #DigitalSignage","Atrae y saluda a los visitantes con informaci√≥n relevante en videowalls interactivos que generan un gran impacto visual.

#Videowall #DigitalSignageSolution #MultimediaCorporativa #MMCity #DigitalSignage",,2021-03-22 15:00:01,,,https://video-bog1-1.xx.fbcdn.net/v/t42.1790-2/164004317_1928623507294054_6861856974609083549_n.mp4?_nc_cat=105&ccb=1-3&_nc_sid=985c63&efg=eyJ2ZW5jb2RlX3RhZyI6InN2ZV9zZCJ9&_nc_ohc=K0GQdhz5g2kAX8lsdtD&_nc_ht=video-bog1-1.xx&oh=a3153699648dbd064c136b9266149b96&oe=607920B9,https://scontent-bog1-1.xx.fbcdn.net/v/t15.5256-10/cp0/e15/q65/s320x320/159081556_928428561233317_256880723791087491_n.jpg?_nc_cat=105&ccb=1-3&_nc_sid=ccf8b3&_nc_ohc=fUuPYiqTu8AAX-0mYPp&_nc_ht=scontent-bog1-1.xx&tp=9&oh=1591a8815f503ddb145c0a60c7e8b53f&oe=609FABDA,928427654566741,4,0,0,https://facebook.com/multimedia.corporativa/videos/928427654566741,,500060110021985,Multimedia Corporativa,False,,,,,,,True,
4245918332102792,"El LED de pitch fino ha madurado hasta un punto en el que las compa√±√≠as de producci√≥n y los directores est√°n pasando de filmar escenas frente a pantallas verdes gigantes a filmarlas frente a paredes de video LED planas y curvas.

Este es el caso de la serie The Mandalorian, m√°s del 50 por ciento de la primera temporada se film√≥ utilizando esta nueva y revolucionaria metodolog√≠a, lo que elimina por completo la necesidad de filmar en locaciones. Los actores de The Mandalorian actuaron en un techo y una pared de video LED semicircular de 20 pies de alto por 270 grados, inmersiva y masiva, con un espacio de actuaci√≥n de 75 pies de di√°metro, donde las piezas pr√°cticas se combinaron con extensiones digitales en las pantallas.

#TechNews #LED #LEDinnovation #TheMandalorian #DOOH #DigitalSignage

YOUTUBE.COM
The Virtual Production of The Mandalorian, Season One","El LED de pitch fino ha madurado hasta un punto en el que las compa√±√≠as de producci√≥n y los directores est√°n pasando de filmar escenas frente a pantallas verdes gigantes a filmarlas frente a paredes de video LED planas y curvas.

Este es el caso de la serie The Mandalorian, m√°s del 50 por ciento de la primera temporada se film√≥ utilizando esta nueva y revolucionaria metodolog√≠a, lo que elimina por completo la necesidad de filmar en locaciones. Los actores de The Mandalorian actuaron en un techo y una pared de video LED semicircular de 20 pies de alto por 270 grados, inmersiva y masiva, con un espacio de actuaci√≥n de 75 pies de di√°metro, donde las piezas pr√°cticas se combinaron con extensiones digitales en las pantallas.

#TechNews #LED #LEDinnovation #TheMandalorian #DOOH #DigitalSignage","YOUTUBE.COM
The Virtual Production of The Mandalorian, Season One",2021-03-19 13:58:04,https://external-bog1-1.xx.fbcdn.net/safe_image.php?d=AQGtKj6Dph6EZvi2&w=476&h=249&url=https%3A%2F%2Fi.ytimg.com%2Fvi%2FgUnxzVOs3rk%2Fmaxresdefault.jpg&cfs=1&jq=75&ext=jpg&ccb=3-5&_nc_hash=AQEEtGPOTJPSb__8,['https://external-bog1-1.xx.fbcdn.net/safe_image.php?d=AQGtKj6Dph6EZvi2&w=476&h=249&url=https%3A%2F%2Fi.ytimg.com%2Fvi%2FgUnxzVOs3rk%2Fmaxresdefault.jpg&cfs=1&jq=75&ext=jpg&ccb=3-5&_nc_hash=AQEEtGPOTJPSb__8'],,,,2,0,0,https://facebook.com/multimedia.corporativa/posts/4245918332102792,https://youtu.be/gUnxzVOs3rk,500060110021985,Multimedia Corporativa,False,,,,,,,True,
4243380559023236,"Comunica de forma eficaz en puntos estrat√©gicos para la empresa, transmita y gestione contenido espec√≠fico en diferentes √°reas.

#Comunicaci√≥nInterna #DigitalSignage #MMCITY #DigitalSignageSolutions","Comunica de forma eficaz en puntos estrat√©gicos para la empresa, transmita y gestione contenido espec√≠fico en diferentes √°reas.

#Comunicaci√≥nInterna #DigitalSignage #MMCITY #DigitalSignageSolutions",,2021-03-18 15:01:25,,,https://video-bog1-1.xx.fbcdn.net/v/t42.1790-2/162061190_1082511775576160_5205861549265506548_n.mp4?_nc_cat=104&ccb=1-3&_nc_sid=985c63&efg=eyJ2ZW5jb2RlX3RhZyI6InN2ZV9zZCJ9&_nc_ohc=YOrC1a7KoBMAX_WcW5J&_nc_ht=video-bog1-1.xx&oh=5bca907d417bb6532a6dc198966493f9&oe=60791FAF,https://scontent-bog1-1.xx.fbcdn.net/v/t15.5256-10/cp0/e15/q65/s320x320/160155554_163917022221412_3569917563751672157_n.jpg?_nc_cat=103&ccb=1-3&_nc_sid=ccf8b3&_nc_ohc=PDlsUWHJ1dkAX8k84ox&_nc_ht=scontent-bog1-1.xx&tp=9&oh=2285529d59b447aa7eec299f41a81be9&oe=609E8C36,163915905554857,2,0,0,https://facebook.com/multimedia.corporativa/videos/163915905554857,,500060110021985,Multimedia Corporativa,False,,,,,,,True,
4237452439616048,"Comunica de forma eficaz en puntos estrat√©gicos de la tienda, transmita y gestione productos y promociones en diferentes √°reas.

#DigitalSignage #retail #DSFacts","Comunica de forma eficaz en puntos estrat√©gicos de la tienda, transmita y gestione productos y promociones en diferentes √°reas.

#DigitalSignage #retail #DSFacts",,2021-03-16 15:01:01,,,https://video-bog1-1.xx.fbcdn.net/v/t42.1790-2/161297048_2908140132787372_4413937007873912901_n.mp4?_nc_cat=106&ccb=1-3&_nc_sid=985c63&efg=eyJ2ZW5jb2RlX3RhZyI6InN2ZV9zZCJ9&_nc_ohc=Lm8S59Gy2QsAX9rdh_i&_nc_ht=video-bog1-1.xx&oh=777259557903f7d68cb301e83751c01c&oe=607921CB,https://scontent-bog1-1.xx.fbcdn.net/v/t15.5256-10/cp0/e15/q65/p320x320/159736227_875656752995062_3583180582709634935_n.jpg?_nc_cat=107&ccb=1-3&_nc_sid=ccf8b3&_nc_ohc=IM4eMaVm-0gAX_bd8L_&_nc_ht=scontent-bog1-1.xx&tp=3&oh=c65b052604dfe0e0811ca8b414df0f80&oe=60A02BBB,875655559661848,1,0,0,https://facebook.com/multimedia.corporativa/videos/875655559661848,,500060110021985,Multimedia Corporativa,False,,,,,,,True,
4226831094011516,"La se√±alizaci√≥n digital ayuda con el lanzamiento de la vacuna COVID-19 en la ciudad de Nueva York

En el Javits Center de la ciudad de NY se despleg√≥ una impresionante red de pantallas para apoyar el esfuerzo de vacunaci√≥n masiva, brindando orientaci√≥n y contenido informativo, lo que ayuda a dirigir el tr√°fico de autom√≥viles y peatones.

#TechNews #DigitalSignage #FightvsCovid19

Info: https://www.digitalsignagetoday.com/blogs/digital-signage-helps-out-with-nyc-covid-19-vaccine-rollout/","La se√±alizaci√≥n digital ayuda con el lanzamiento de la vacuna COVID-19 en la ciudad de Nueva York

En el Javits Center de la ciudad de NY se despleg√≥ una impresionante red de pantallas para apoyar el esfuerzo de vacunaci√≥n masiva, brindando orientaci√≥n y contenido informativo, lo que ayuda a dirigir el tr√°fico de autom√≥viles y peatones.

#TechNews #DigitalSignage #FightvsCovid19

Info: https://www.digitalsignagetoday.com/blogs/digital-signage-helps-out-with-nyc-covid-19-vaccine-rollout/",,2021-03-12 17:19:16,https://scontent-bog1-1.xx.fbcdn.net/v/t1.6435-9/159454132_4226827107345248_6418513230748736273_n.png?_nc_cat=106&ccb=1-3&_nc_sid=8024bb&_nc_ohc=L6wH0GupOfUAX_3IDhA&_nc_ht=scontent-bog1-1.xx&oh=16a32a0a7ebe9dd27822c67d1bafcd4c&oe=609C9BBE,['https://scontent-bog1-1.xx.fbcdn.net/v/t1.6435-9/159454132_4226827107345248_6418513230748736273_n.png?_nc_cat=106&ccb=1-3&_nc_sid=8024bb&_nc_ohc=L6wH0GupOfUAX_3IDhA&_nc_ht=scontent-bog1-1.xx&oh=16a32a0a7ebe9dd27822c67d1bafcd4c&oe=609C9BBE'],,,,3,0,0,https://facebook.com/multimedia.corporativa/posts/4226831094011516,https://www.digitalsignagetoday.com/blogs/digital-signage-helps-out-with-nyc-covid-19-vaccine-rollout/,500060110021985,Multimedia Corporativa,False,,,,,,,True,
4220835537944405,"Para la gente que est√° regresando a su lugar de trabajo, el uso de c√°maras con anal√≠ticos permitir√° poner filtros sanitarios; combin√°ndolo con servicios de localizaci√≥n inal√°mbrica y plataformas de colaboraci√≥n podr√°n asegurar que la capacidad de las zonas comunes no est√© saturada ni subutilizada.

#ControldeAcceso #ReconocimientoFacial #Detecciondetemperatura #MultimediaCorporativa","Para la gente que est√° regresando a su lugar de trabajo, el uso de c√°maras con anal√≠ticos permitir√° poner filtros sanitarios; combin√°ndolo con servicios de localizaci√≥n inal√°mbrica y plataformas de colaboraci√≥n podr√°n asegurar que la capacidad de las zonas comunes no est√© saturada ni subutilizada.

#ControldeAcceso #ReconocimientoFacial #Detecciondetemperatura #MultimediaCorporativa",,2021-03-10 13:00:01,,,https://video-bog1-1.xx.fbcdn.net/v/t42.1790-2/158143534_3960408127336153_1798088185128204546_n.mp4?_nc_cat=105&ccb=1-3&_nc_sid=985c63&efg=eyJ2ZW5jb2RlX3RhZyI6InN2ZV9zZCJ9&_nc_ohc=SU_yXxQrSwUAX8Izra_&_nc_ht=video-bog1-1.xx&oh=922494825e77484cd5642a05d6c4d35f&oe=60792544,https://scontent-bog1-1.xx.fbcdn.net/v/t15.5256-10/cp0/e15/q65/p320x320/152956182_1785930274900262_3744769035843037927_n.jpg?_nc_cat=105&ccb=1-3&_nc_sid=ccf8b3&_nc_ohc=ns4N_LZ8H00AX_FbjVK&_nc_ht=scontent-bog1-1.xx&tp=3&oh=aa7a7e0476044aedb13b1645514821b2&oe=60A0079D,1785927948233828,2,0,0,https://facebook.com/multimedia.corporativa/videos/1785927948233828,,500060110021985,Multimedia Corporativa,False,,,,,,,True,
4218430444851581,"Las terminales de reconocimiento facial Arges te brindan mayor seguridad y eficiencia para el control de acceso sin contacto.

#controlaccesos #TouchlessAccess #touchlesstechnology

‚û°üåê https://www.multimediacorp.net/arges","Las terminales de reconocimiento facial Arges te brindan mayor seguridad y eficiencia para el control de acceso sin contacto.

#controlaccesos #TouchlessAccess #touchlesstechnology

‚û°üåê https://www.multimediacorp.net/arges",,2021-03-09 15:00:01,https://scontent-bog1-1.xx.fbcdn.net/v/t1.6435-9/157928389_4218426511518641_5852723275150208448_n.png?_nc_cat=103&ccb=1-3&_nc_sid=8024bb&_nc_ohc=U32PNS0j-vgAX-s63Xb&_nc_ht=scontent-bog1-1.xx&oh=3fb00a1104945ef860d18849cf801048&oe=60A017D2,['https://scontent-bog1-1.xx.fbcdn.net/v/t1.6435-9/157928389_4218426511518641_5852723275150208448_n.png?_nc_cat=103&ccb=1-3&_nc_sid=8024bb&_nc_ohc=U32PNS0j-vgAX-s63Xb&_nc_ht=scontent-bog1-1.xx&oh=3fb00a1104945ef860d18849cf801048&oe=60A017D2'],,,,3,0,0,https://facebook.com/multimedia.corporativa/posts/4218430444851581,https://www.multimediacorp.net/arges,500060110021985,Multimedia Corporativa,False,,,,,,,True,
4215455538482405,"La crisis ha revelado la importancia fundamental de las contribuciones de las mujeres que se encuentran en la primera l√≠nea de lucha contra la Covid-19, muchas de ellas trabajadoras de la salud, cuidadoras, innovadoras, organizadoras amigas y compa√±eras.

¬°Gracias Mujeres !üíú

#IWD2021 #InternationalWomensDay #D√≠aInternacionaldeLaMujer","La crisis ha revelado la importancia fundamental de las contribuciones de las mujeres que se encuentran en la primera l√≠nea de lucha contra la Covid-19, muchas de ellas trabajadoras de la salud, cuidadoras, innovadoras, organizadoras amigas y compa√±eras.

¬°Gracias Mujeres !üíú

#IWD2021 #InternationalWomensDay #D√≠aInternacionaldeLaMujer",,2021-03-08 12:02:15,,,https://video-bog1-1.xx.fbcdn.net/v/t42.1790-2/158658613_120198600047351_7665625694368501263_n.mp4?_nc_cat=111&ccb=1-3&_nc_sid=985c63&efg=eyJ2ZW5jb2RlX3RhZyI6InN2ZV9zZCJ9&_nc_ohc=vLEZaLXQ3rwAX9SVH45&_nc_oc=AQmKwBLP-a6JexwF8qUlKRxpqgYk0AC_1yVPtUeaK-t_cRFY_qwPcXviTmbEFDOZCWqzB1QcWHjNcDQ5Wdt49tK2&_nc_ht=video-bog1-1.xx&oh=f89f817b08c8f4e796c6e111805439b5&oe=607925AB,https://scontent-bog1-1.xx.fbcdn.net/v/t15.5256-10/cp0/e15/q65/s320x320/144844722_3741787865934007_3122504615999155856_n.jpg?_nc_cat=101&ccb=1-3&_nc_sid=ccf8b3&_nc_ohc=lpmjf-i3GHgAX_AZI5U&_nc_ht=scontent-bog1-1.xx&tp=9&oh=0cfe5234c1637443e7c77ead7fed2d33&oe=609E6599,3741782952601165,3,0,0,https://facebook.com/multimedia.corporativa/videos/3741782952601165,,500060110021985,Multimedia Corporativa,False,,,,,,,True,
4207988959229063,"Un gran muro de video rob√≥tico dentro de la Universidad de Kogakuin

Esta ""pared cin√©tica"" cuenta con 180 cubos modulares que logr√°n moverse hacia adelante y hacia atr√°s individualmente. Las expresiones creativas que van desde una superficie de pared altamente din√°mica, mapeo de proyecci√≥n a gran escala y 3D, as√≠ como la visualizaci√≥n de datos, se pueden lograr utilizando una combinaci√≥n de efectos de video, audio e iluminaci√≥n.

Ve el video aqu√≠ ‚û° https://vimeo.com/451802418","Un gran muro de video rob√≥tico dentro de la Universidad de Kogakuin

Esta ""pared cin√©tica"" cuenta con 180 cubos modulares que logr√°n moverse hacia adelante y hacia atr√°s individualmente. Las expresiones creativas que van desde una superficie de pared altamente din√°mica, mapeo de proyecci√≥n a gran escala y 3D, as√≠ como la visualizaci√≥n de datos, se pueden lograr utilizando una combinaci√≥n de efectos de video, audio e iluminaci√≥n.

Ve el video aqu√≠ ‚û° https://vimeo.com/451802418",,2021-03-05 15:01:49,https://scontent-bog1-1.xx.fbcdn.net/v/t1.6435-9/fr/cp0/e15/q65/154893301_4207991545895471_8118752525583351744_n.jpg?_nc_cat=102&ccb=1-3&_nc_sid=8024bb&_nc_ohc=X_REyel2m24AX_PrAYs&_nc_ht=scontent-bog1-1.xx&tp=14&oh=cdd5a83e93f2ef6cfa831f0e73ab1618&oe=609F6714,['https://scontent-bog1-1.xx.fbcdn.net/v/t1.6435-9/fr/cp0/e15/q65/154893301_4207991545895471_8118752525583351744_n.jpg?_nc_cat=102&ccb=1-3&_nc_sid=8024bb&_nc_ohc=X_REyel2m24AX_PrAYs&_nc_ht=scontent-bog1-1.xx&tp=14&oh=cdd5a83e93f2ef6cfa831f0e73ab1618&oe=609F6714'],,,,0,0,0,https://facebook.com/multimedia.corporativa/posts/4207988959229063,https://vimeo.com/451802418,500060110021985,Multimedia Corporativa,False,,,,,,,True,
